<?xml version="1.0" encoding="UTF-8"?>
<rss version="2.0">
<channel>
    <title>Mauricio Santos</title>
    <link>http://localhost/proyecto_villa_santos/html/index.html</link>
    <description>Sitio web con los últimos estrenos de anime disponibles en territorio español.</description>
    <category>Animación asiática en España</category>
    <language>es-es</language>
    <copyright>2025 Mauricio Santos. Todos los derechos reservados.</copyright>
    <image>
        <url>http://localhost/proyecto_villa_santos/imagenes/logotipo-transparente-negro.png</url>
        <title>Logotipo de AnimeLog, tu web de anime en España.</title>
        <link>http://localhost/proyecto_villa_santos/html/index.html</link>
    </image>
    <item>
        <titulo>Animación japonesa en España</titulo>
        <link>http://localhost/proyecto_villa_santos/html/catalogo-anime-japon.html</link>
        <description>Catálogo completo con los estrenos de anime originarios de Japón.</description>
        <language>es-es</language>
        <enclosure url="http://localhost/proyecto_villa_santos/imagenes/abc/a/aeon-flux.jpg" length="48491" type="image/jpeg"/>
    </item>
     <item>
        <titulo>Animación china en España</titulo>
        <link>http://localhost/proyecto_villa_santos/html/catalogo-anime-china.html</link>
        <description>Catálogo completo con los estrenos de anime originarios de China.</description>
        <language>es-es</language>
        <enclosure url="http://localhost/proyecto_villa_santos/imagenes/abc/a/the-girl-downstairs.png" length="48491" type="image/jpeg"/>
    </item>
         <item>
        <titulo>Sobre AnimeLog</titulo>
        <link>http://localhost/proyecto_villa_santos/html/inscripcion.html</link>
        <description>Información básica y formulario de inscripción de AnimeLog.</description>
        <language>es-es</language>
        <enclosure url="http://localhost/proyecto_villa_santos/imagenes/logotipo-transparente-negro.png" length="48491" type="image/jpeg"/>
    </item>
</channel>
</rss>

<!-- Para comprobar el buen funcinamiento del RSS, no tenemos más que utilizar la aplicación XAMPP, que nos permite crear un servidor en nuestro
propio ordenador simulando un hosting. De esta manera, con los enlaces adecuados en nuestro archivo xml podemos comprobar si todo se muestra
adecuadamente en un lector RSS.
De manera alternativa, si tenemos algún servicio de hosting podemos utilizar herramientas denominadas RSS Feed Validators, que mediante una
dirección URL pueden validar el código. Lamentablemente no funcionan con URLs locales, o al menos, yo no he logrado que funcionen. -->